<routes>
    <person depart="0.000000" id="p0" departPos="-30.000000">
        <walk edges="beg end"/>
    </person>
    <person depart="0.000000" id="p1" departPos="-30.000000">
        <walk edges="beg end"/>
    </person>
    <person depart="0.000000" id="p2" departPos="-30.000000">
        <walk edges="beg end"/>
    </person>
    <person depart="0.000000" id="p3" departPos="-30.000000">
        <walk edges="beg end"/>
    </person>
    <person depart="0.000000" id="p4" departPos="-30.000000">
        <walk edges="beg end"/>
    </person>
    <person depart="0.000000" id="p5" departPos="-30.000000">
        <walk edges="beg end"/>
    </person>
    <person depart="0.000000" id="p6" departPos="-30.000000">
        <walk edges="beg end"/>
    </person>
    <person depart="0.000000" id="p7" departPos="-30.000000">
        <walk edges="beg end"/>
    </person>
    <person depart="0.000000" id="p8" departPos="-30.000000">
        <walk edges="beg end"/>
    </person>
    <person depart="0.000000" id="p9" departPos="-30.000000">
        <walk edges="beg end"/>
    </person>
    <person depart="0.000000" id="p10" departPos="-30.000000">
        <walk edges="beg end"/>
    </person>
    <person depart="0.000000" id="p11" departPos="-30.000000">
        <walk edges="beg end"/>
    </person>
    <person depart="0.000000" id="p12" departPos="-30.000000">
        <walk edges="beg end"/>
    </person>
    <person depart="0.000000" id="p13" departPos="-30.000000">
        <walk edges="beg end"/>
    </person>
    <person depart="0.000000" id="p14" departPos="-30.000000">
        <walk edges="beg end"/>
    </person>
    <person depart="0.000000" id="p15" departPos="-30.000000">
        <walk edges="beg end"/>
    </person>
    <person depart="0.000000" id="p16" departPos="-30.000000">
        <walk edges="beg end"/>
    </person>
    <person depart="0.000000" id="p17" departPos="-30.000000">
        <walk edges="beg end"/>
    </person>
    <person depart="0.000000" id="p18" departPos="-30.000000">
        <walk edges="beg end"/>
    </person>
    <person depart="0.000000" id="p19" departPos="-30.000000">
        <walk edges="beg end"/>
    </person>
    <person depart="0.000000" id="p20" departPos="-30.000000">
        <walk edges="beg end"/>
    </person>
    <person depart="0.000000" id="p21" departPos="-30.000000">
        <walk edges="beg end"/>
    </person>
    <person depart="0.000000" id="p22" departPos="-30.000000">
        <walk edges="beg end"/>
    </person>
    <person depart="0.000000" id="p23" departPos="-30.000000">
        <walk edges="beg end"/>
    </person>
    <person depart="0.000000" id="p24" departPos="-30.000000">
        <walk edges="beg end"/>
    </person>
    <person depart="0.000000" id="p25" departPos="-30.000000">
        <walk edges="beg end"/>
    </person>
    <person depart="0.000000" id="p26" departPos="-30.000000">
        <walk edges="beg end"/>
    </person>
    <person depart="0.000000" id="p27" departPos="-30.000000">
        <walk edges="beg end"/>
    </person>
    <person depart="0.000000" id="p28" departPos="-30.000000">
        <walk edges="beg end"/>
    </person>
    <person depart="0.000000" id="p29" departPos="-30.000000">
        <walk edges="beg end"/>
    </person>
    <person depart="0.000000" id="p30" departPos="-30.000000">
        <walk edges="beg end"/>
    </person>
    <person depart="0.000000" id="p31" departPos="-30.000000">
        <walk edges="beg end"/>
    </person>
    <person depart="0.000000" id="p32" departPos="-30.000000">
        <walk edges="beg end"/>
    </person>
    <person depart="0.000000" id="p33" departPos="-30.000000">
        <walk edges="beg end"/>
    </person>
    <person depart="0.000000" id="p34" departPos="-30.000000">
        <walk edges="beg end"/>
    </person>
    <person depart="0.000000" id="p35" departPos="-30.000000">
        <walk edges="beg end"/>
    </person>
    <person depart="0.000000" id="p36" departPos="-30.000000">
        <walk edges="beg end"/>
    </person>
    <person depart="0.000000" id="p37" departPos="-30.000000">
        <walk edges="beg end"/>
    </person>
    <person depart="0.000000" id="p38" departPos="-30.000000">
        <walk edges="beg end"/>
    </person>
    <person depart="0.000000" id="p39" departPos="-30.000000">
        <walk edges="beg end"/>
    </person>
    <person depart="0.000000" id="p40" departPos="-30.000000">
        <walk edges="beg end"/>
    </person>
    <person depart="0.000000" id="p41" departPos="-30.000000">
        <walk edges="beg end"/>
    </person>
    <person depart="0.000000" id="p42" departPos="-30.000000">
        <walk edges="beg end"/>
    </person>
    <person depart="0.000000" id="p43" departPos="-30.000000">
        <walk edges="beg end"/>
    </person>
    <person depart="0.000000" id="p44" departPos="-30.000000">
        <walk edges="beg end"/>
    </person>
    <person depart="0.000000" id="p45" departPos="-30.000000">
        <walk edges="beg end"/>
    </person>
    <person depart="0.000000" id="p46" departPos="-30.000000">
        <walk edges="beg end"/>
    </person>
    <person depart="0.000000" id="p47" departPos="-30.000000">
        <walk edges="beg end"/>
    </person>
    <person depart="0.000000" id="p48" departPos="-30.000000">
        <walk edges="beg end"/>
    </person>
    <person depart="0.000000" id="p49" departPos="-30.000000">
        <walk edges="beg end"/>
    </person>
    <person depart="0.000000" id="p50" departPos="-30.000000">
        <walk edges="beg end"/>
    </person>
    <person depart="0.000000" id="p51" departPos="-30.000000">
        <walk edges="beg end"/>
    </person>
    <person depart="0.000000" id="p52" departPos="-30.000000">
        <walk edges="beg end"/>
    </person>
    <person depart="0.000000" id="p53" departPos="-30.000000">
        <walk edges="beg end"/>
    </person>
    <person depart="0.000000" id="p54" departPos="-30.000000">
        <walk edges="beg end"/>
    </person>
    <person depart="0.000000" id="p55" departPos="-30.000000">
        <walk edges="beg end"/>
    </person>
    <person depart="0.000000" id="p56" departPos="-30.000000">
        <walk edges="beg end"/>
    </person>
    <person depart="0.000000" id="p57" departPos="-30.000000">
        <walk edges="beg end"/>
    </person>
    <person depart="0.000000" id="p58" departPos="-30.000000">
        <walk edges="beg end"/>
    </person>
    <person depart="0.000000" id="p59" departPos="-30.000000">
        <walk edges="beg end"/>
    </person>
    <person depart="0.000000" id="p60" departPos="-30.000000">
        <walk edges="beg end"/>
    </person>
    <person depart="0.000000" id="p61" departPos="-30.000000">
        <walk edges="beg end"/>
    </person>
    <person depart="0.000000" id="p62" departPos="-30.000000">
        <walk edges="beg end"/>
    </person>
    <person depart="0.000000" id="p63" departPos="-30.000000">
        <walk edges="beg end"/>
    </person>
    <person depart="0.000000" id="p64" departPos="-30.000000">
        <walk edges="beg end"/>
    </person>
    <person depart="0.000000" id="p65" departPos="-30.000000">
        <walk edges="beg end"/>
    </person>
    <person depart="0.000000" id="p66" departPos="-30.000000">
        <walk edges="beg end"/>
    </person>
    <person depart="0.000000" id="p67" departPos="-30.000000">
        <walk edges="beg end"/>
    </person>
    <person depart="0.000000" id="p68" departPos="-30.000000">
        <walk edges="beg end"/>
    </person>
    <person depart="0.000000" id="p69" departPos="-30.000000">
        <walk edges="beg end"/>
    </person>
    <person depart="0.000000" id="p70" departPos="-30.000000">
        <walk edges="beg end"/>
    </person>
    <person depart="0.000000" id="p71" departPos="-30.000000">
        <walk edges="beg end"/>
    </person>
    <person depart="0.000000" id="p72" departPos="-30.000000">
        <walk edges="beg end"/>
    </person>
    <person depart="0.000000" id="p73" departPos="-30.000000">
        <walk edges="beg end"/>
    </person>
    <person depart="0.000000" id="p74" departPos="-30.000000">
        <walk edges="beg end"/>
    </person>
    <person depart="0.000000" id="p75" departPos="-30.000000">
        <walk edges="beg end"/>
    </person>
    <person depart="0.000000" id="p76" departPos="-30.000000">
        <walk edges="beg end"/>
    </person>
    <person depart="0.000000" id="p77" departPos="-30.000000">
        <walk edges="beg end"/>
    </person>
    <person depart="0.000000" id="p78" departPos="-30.000000">
        <walk edges="beg end"/>
    </person>
    <person depart="0.000000" id="p79" departPos="-30.000000">
        <walk edges="beg end"/>
    </person>
    <person depart="0.000000" id="p80" departPos="-30.000000">
        <walk edges="beg end"/>
    </person>
    <person depart="0.000000" id="p81" departPos="-30.000000">
        <walk edges="beg end"/>
    </person>
    <person depart="0.000000" id="p82" departPos="-30.000000">
        <walk edges="beg end"/>
    </person>
    <person depart="0.000000" id="p83" departPos="-30.000000">
        <walk edges="beg end"/>
    </person>
    <person depart="0.000000" id="p84" departPos="-30.000000">
        <walk edges="beg end"/>
    </person>
    <person depart="0.000000" id="p85" departPos="-30.000000">
        <walk edges="beg end"/>
    </person>
    <person depart="0.000000" id="p86" departPos="-30.000000">
        <walk edges="beg end"/>
    </person>
    <person depart="0.000000" id="p87" departPos="-30.000000">
        <walk edges="beg end"/>
    </person>
    <person depart="0.000000" id="p88" departPos="-30.000000">
        <walk edges="beg end"/>
    </person>
    <person depart="0.000000" id="p89" departPos="-30.000000">
        <walk edges="beg end"/>
    </person>
    <person depart="0.000000" id="p90" departPos="-30.000000">
        <walk edges="beg end"/>
    </person>
    <person depart="0.000000" id="p91" departPos="-30.000000">
        <walk edges="beg end"/>
    </person>
    <person depart="0.000000" id="p92" departPos="-30.000000">
        <walk edges="beg end"/>
    </person>
    <person depart="0.000000" id="p93" departPos="-30.000000">
        <walk edges="beg end"/>
    </person>
    <person depart="0.000000" id="p94" departPos="-30.000000">
        <walk edges="beg end"/>
    </person>
    <person depart="0.000000" id="p95" departPos="-30.000000">
        <walk edges="beg end"/>
    </person>
    <person depart="0.000000" id="p96" departPos="-30.000000">
        <walk edges="beg end"/>
    </person>
    <person depart="0.000000" id="p97" departPos="-30.000000">
        <walk edges="beg end"/>
    </person>
    <person depart="0.000000" id="p98" departPos="-30.000000">
        <walk edges="beg end"/>
    </person>
    <person depart="0.000000" id="p99" departPos="-30.000000">
        <walk edges="beg end"/>
    </person>
    <person depart="0.000000" id="p100" departPos="-30.000000">
        <walk edges="beg end"/>
    </person>
    <person depart="0.000000" id="p101" departPos="-30.000000">
        <walk edges="beg end"/>
    </person>
    <person depart="0.000000" id="p102" departPos="-30.000000">
        <walk edges="beg end"/>
    </person>
    <person depart="0.000000" id="p103" departPos="-30.000000">
        <walk edges="beg end"/>
    </person>
    <person depart="0.000000" id="p104" departPos="-30.000000">
        <walk edges="beg end"/>
    </person>
    <person depart="0.000000" id="p105" departPos="-30.000000">
        <walk edges="beg end"/>
    </person>
    <person depart="0.000000" id="p106" departPos="-30.000000">
        <walk edges="beg end"/>
    </person>
    <person depart="0.000000" id="p107" departPos="-30.000000">
        <walk edges="beg end"/>
    </person>
    <person depart="0.000000" id="p108" departPos="-30.000000">
        <walk edges="beg end"/>
    </person>
    <person depart="0.000000" id="p109" departPos="-30.000000">
        <walk edges="beg end"/>
    </person>
    <person depart="0.000000" id="p110" departPos="-30.000000">
        <walk edges="beg end"/>
    </person>
    <person depart="0.000000" id="p111" departPos="-30.000000">
        <walk edges="beg end"/>
    </person>
    <person depart="0.000000" id="p112" departPos="-30.000000">
        <walk edges="beg end"/>
    </person>
    <person depart="0.000000" id="p113" departPos="-30.000000">
        <walk edges="beg end"/>
    </person>
    <person depart="0.000000" id="p114" departPos="-30.000000">
        <walk edges="beg end"/>
    </person>
    <person depart="0.000000" id="p115" departPos="-30.000000">
        <walk edges="beg end"/>
    </person>
    <person depart="0.000000" id="p116" departPos="-30.000000">
        <walk edges="beg end"/>
    </person>
    <person depart="0.000000" id="p117" departPos="-30.000000">
        <walk edges="beg end"/>
    </person>
    <person depart="0.000000" id="p118" departPos="-30.000000">
        <walk edges="beg end"/>
    </person>
    <person depart="0.000000" id="p119" departPos="-30.000000">
        <walk edges="beg end"/>
    </person>
    <person depart="0.000000" id="p120" departPos="-30.000000">
        <walk edges="beg end"/>
    </person>
    <person depart="0.000000" id="p121" departPos="-30.000000">
        <walk edges="beg end"/>
    </person>
    <person depart="0.000000" id="p122" departPos="-30.000000">
        <walk edges="beg end"/>
    </person>
    <person depart="0.000000" id="p123" departPos="-30.000000">
        <walk edges="beg end"/>
    </person>
    <person depart="0.000000" id="p124" departPos="-30.000000">
        <walk edges="beg end"/>
    </person>
    <person depart="0.000000" id="p125" departPos="-30.000000">
        <walk edges="beg end"/>
    </person>
    <person depart="0.000000" id="p126" departPos="-30.000000">
        <walk edges="beg end"/>
    </person>
    <person depart="0.000000" id="p127" departPos="-30.000000">
        <walk edges="beg end"/>
    </person>
    <person depart="0.000000" id="p128" departPos="-30.000000">
        <walk edges="beg end"/>
    </person>
    <person depart="0.000000" id="p129" departPos="-30.000000">
        <walk edges="beg end"/>
    </person>
    <person depart="0.000000" id="p130" departPos="-30.000000">
        <walk edges="beg end"/>
    </person>
    <person depart="0.000000" id="p131" departPos="-30.000000">
        <walk edges="beg end"/>
    </person>
    <person depart="0.000000" id="p132" departPos="-30.000000">
        <walk edges="beg end"/>
    </person>
    <person depart="0.000000" id="p133" departPos="-30.000000">
        <walk edges="beg end"/>
    </person>
    <person depart="0.000000" id="p134" departPos="-30.000000">
        <walk edges="beg end"/>
    </person>
    <person depart="0.000000" id="p135" departPos="-30.000000">
        <walk edges="beg end"/>
    </person>
    <person depart="0.000000" id="p136" departPos="-30.000000">
        <walk edges="beg end"/>
    </person>
    <person depart="0.000000" id="p137" departPos="-30.000000">
        <walk edges="beg end"/>
    </person>
    <person depart="0.000000" id="p138" departPos="-30.000000">
        <walk edges="beg end"/>
    </person>
    <person depart="0.000000" id="p139" departPos="-30.000000">
        <walk edges="beg end"/>
    </person>
    <person depart="0.000000" id="p140" departPos="-30.000000">
        <walk edges="beg end"/>
    </person>
    <person depart="0.000000" id="p141" departPos="-30.000000">
        <walk edges="beg end"/>
    </person>
    <person depart="0.000000" id="p142" departPos="-30.000000">
        <walk edges="beg end"/>
    </person>
    <person depart="0.000000" id="p143" departPos="-30.000000">
        <walk edges="beg end"/>
    </person>
    <person depart="0.000000" id="p144" departPos="-30.000000">
        <walk edges="beg end"/>
    </person>
    <person depart="0.000000" id="p145" departPos="-30.000000">
        <walk edges="beg end"/>
    </person>
    <person depart="0.000000" id="p146" departPos="-30.000000">
        <walk edges="beg end"/>
    </person>
    <person depart="0.000000" id="p147" departPos="-30.000000">
        <walk edges="beg end"/>
    </person>
    <person depart="0.000000" id="p148" departPos="-30.000000">
        <walk edges="beg end"/>
    </person>
    <person depart="0.000000" id="p149" departPos="-30.000000">
        <walk edges="beg end"/>
    </person>
    <person depart="0.000000" id="p150" departPos="-30.000000">
        <walk edges="beg end"/>
    </person>
    <person depart="0.000000" id="p151" departPos="-30.000000">
        <walk edges="beg end"/>
    </person>
    <person depart="0.000000" id="p152" departPos="-30.000000">
        <walk edges="beg end"/>
    </person>
    <person depart="0.000000" id="p153" departPos="-30.000000">
        <walk edges="beg end"/>
    </person>
    <person depart="0.000000" id="p154" departPos="-30.000000">
        <walk edges="beg end"/>
    </person>
    <person depart="0.000000" id="p155" departPos="-30.000000">
        <walk edges="beg end"/>
    </person>
    <person depart="0.000000" id="p156" departPos="-30.000000">
        <walk edges="beg end"/>
    </person>
    <person depart="0.000000" id="p157" departPos="-30.000000">
        <walk edges="beg end"/>
    </person>
    <person depart="0.000000" id="p158" departPos="-30.000000">
        <walk edges="beg end"/>
    </person>
    <person depart="0.000000" id="p159" departPos="-30.000000">
        <walk edges="beg end"/>
    </person>
    <person depart="0.000000" id="p160" departPos="-30.000000">
        <walk edges="beg end"/>
    </person>
    <person depart="0.000000" id="p161" departPos="-30.000000">
        <walk edges="beg end"/>
    </person>
    <person depart="0.000000" id="p162" departPos="-30.000000">
        <walk edges="beg end"/>
    </person>
    <person depart="0.000000" id="p163" departPos="-30.000000">
        <walk edges="beg end"/>
    </person>
    <person depart="0.000000" id="p164" departPos="-30.000000">
        <walk edges="beg end"/>
    </person>
    <person depart="0.000000" id="p165" departPos="-30.000000">
        <walk edges="beg end"/>
    </person>
    <person depart="0.000000" id="p166" departPos="-30.000000">
        <walk edges="beg end"/>
    </person>
    <person depart="0.000000" id="p167" departPos="-30.000000">
        <walk edges="beg end"/>
    </person>
    <person depart="0.000000" id="p168" departPos="-30.000000">
        <walk edges="beg end"/>
    </person>
    <person depart="0.000000" id="p169" departPos="-30.000000">
        <walk edges="beg end"/>
    </person>
    <person depart="0.000000" id="p170" departPos="-30.000000">
        <walk edges="beg end"/>
    </person>
    <person depart="0.000000" id="p171" departPos="-30.000000">
        <walk edges="beg end"/>
    </person>
    <person depart="0.000000" id="p172" departPos="-30.000000">
        <walk edges="beg end"/>
    </person>
    <person depart="0.000000" id="p173" departPos="-30.000000">
        <walk edges="beg end"/>
    </person>
    <person depart="0.000000" id="p174" departPos="-30.000000">
        <walk edges="beg end"/>
    </person>
    <person depart="0.000000" id="p175" departPos="-30.000000">
        <walk edges="beg end"/>
    </person>
    <person depart="0.000000" id="p176" departPos="-30.000000">
        <walk edges="beg end"/>
    </person>
    <person depart="0.000000" id="p177" departPos="-30.000000">
        <walk edges="beg end"/>
    </person>
    <person depart="0.000000" id="p178" departPos="-30.000000">
        <walk edges="beg end"/>
    </person>
    <person depart="0.000000" id="p179" departPos="-30.000000">
        <walk edges="beg end"/>
    </person>
    <person depart="0.000000" id="p180" departPos="-30.000000">
        <walk edges="beg end"/>
    </person>
    <person depart="0.000000" id="p181" departPos="-30.000000">
        <walk edges="beg end"/>
    </person>
    <person depart="0.000000" id="p182" departPos="-30.000000">
        <walk edges="beg end"/>
    </person>
    <person depart="0.000000" id="p183" departPos="-30.000000">
        <walk edges="beg end"/>
    </person>
    <person depart="0.000000" id="p184" departPos="-30.000000">
        <walk edges="beg end"/>
    </person>
    <person depart="0.000000" id="p185" departPos="-30.000000">
        <walk edges="beg end"/>
    </person>
    <person depart="0.000000" id="p186" departPos="-30.000000">
        <walk edges="beg end"/>
    </person>
    <person depart="0.000000" id="p187" departPos="-30.000000">
        <walk edges="beg end"/>
    </person>
    <person depart="0.000000" id="p188" departPos="-30.000000">
        <walk edges="beg end"/>
    </person>
    <person depart="0.000000" id="p189" departPos="-30.000000">
        <walk edges="beg end"/>
    </person>
    <person depart="0.000000" id="p190" departPos="-30.000000">
        <walk edges="beg end"/>
    </person>
    <person depart="0.000000" id="p191" departPos="-30.000000">
        <walk edges="beg end"/>
    </person>
    <person depart="0.000000" id="p192" departPos="-30.000000">
        <walk edges="beg end"/>
    </person>
    <person depart="0.000000" id="p193" departPos="-30.000000">
        <walk edges="beg end"/>
    </person>
    <person depart="0.000000" id="p194" departPos="-30.000000">
        <walk edges="beg end"/>
    </person>
    <person depart="0.000000" id="p195" departPos="-30.000000">
        <walk edges="beg end"/>
    </person>
    <person depart="0.000000" id="p196" departPos="-30.000000">
        <walk edges="beg end"/>
    </person>
    <person depart="0.000000" id="p197" departPos="-30.000000">
        <walk edges="beg end"/>
    </person>
    <person depart="0.000000" id="p198" departPos="-30.000000">
        <walk edges="beg end"/>
    </person>
    <person depart="0.000000" id="p199" departPos="-30.000000">
        <walk edges="beg end"/>
    </person>
</routes>
