<?xml version="1.0" encoding="UTF-8"?>

<!-- generated on Wed 19 Feb 2014 10:46:52 AM CET by Netedit Version dev-SVN-r15634
This data file and the accompanying materials
are made available under the terms of the Eclipse Public License v2.0
which accompanies this distribution, and is available at
http://www.eclipse.org/legal/epl-v20.html
SPDX-License-Identifier: EPL-2.0
<configuration xmlns:xsi="http://www.w3.org/2001/XMLSchema-instance" xsi:noNamespaceSchemaLocation="http://sumo.dlr.de/xsd/netedit.exeConfiguration.xsd">

    <input>
        <sumo-net-file value="net.net.xml"/>
    </input>

    <output>
        <output-file value="/scr1/erdm_ja/sip-svn-trunk/projects/colombo/debug/path_across_street/input_net.net.xml"/>
        <plain-output-prefix value="/scr1/erdm_ja/sip-svn-trunk/projects/colombo/debug/path_across_street/input_plain"/>
    </output>

    <processing>
        <no-turnarounds value="true"/>
        <offset.disable-normalization value="true"/>
    </processing>

</configuration>
-->

<edges version="0.13" xmlns:xsi="http://www.w3.org/2001/XMLSchema-instance" xsi:noNamespaceSchemaLocation="http://sumo.dlr.de/xsd/edges_file.xsd">
    <edge id="CE" from="C" to="E" priority="1" numLanes="2" disallow="pedestrian" speed="13.89"/>
    <edge id="CW" from="C" to="W" priority="1" numLanes="2" disallow="pedestrian" speed="13.89"/>
    <edge id="EC" from="E" to="C" priority="1" numLanes="2" disallow="pedestrian" speed="13.89"/>
    <edge id="WC" from="W" to="C" priority="1" numLanes="2" disallow="pedestrian" speed="13.89"/>

    <edge id="NC" from="N" to="C" priority="1" numLanes="1" allow="pedestrian" speed="5.00" spreadType="center" width="3.00"/>
    <edge id="CS" from="C" to="S" priority="1" numLanes="1" allow="pedestrian" speed="5.00" spreadType="center" width="3.00"/>
</edges>
