<routes>
	<vType id="pkw" length="5" maxSpeed="50" accel="2.6" decel="4.5" speedDev="0.2" sigma="0.2" vClass="passenger"/>
	<vType id="bus" length="15" maxSpeed="30" accel="1.2" decel="2.5" sigma="0.1" speedDev="0.1" vClass="bus"/>
	<vType id="tram" length="40" maxSpeed="13" accel="0.8" decel="0.5" sigma="0.1" speedDev="0.1" vClass="rail_urban"/>
	<vType id="bike" length="1.8" width="0.8" maxSpeed="7.5" accel="0.8" decel="1.5" sigma="0.5" speedDev="0.5" vClass="bicycle"/>
	<route id="r1" edges="beg end" />
	<vehicle id="pkw_starter" type = "pkw" depart="0" departPos="-0.01" route="r1"/>
	<vehicle id="bus_starter" type = "bus" depart="0" departPos="-0.01" route="r1"/>
	<vehicle id="tram_starter" type = "tram" depart="0" departPos="-0.01" route="r1"/>
	<vehicle id="bike_starter" type = "bike" depart="0" departPos="-0.01" route="r1"/>
	<flow id="pkw" type="pkw" from="beg" to="end" begin="0" end="0" number="65" departPos="last"/>
	<flow id="bus" type="bus" from="beg" to="end" begin="0" end="0" number="4" departPos="last"/>
	<flow id="tram" type="tram" from="beg" to="end" begin="0" end="0" number="1" departPos="last"/>
	<flow id="bike" type="bike" from="beg" to="end" begin="0" end="0" number="99" departPos="last"/>
</routes>
