<?xml version="1.0" encoding="UTF-8"?>

<!-- generated on 14.12.2016 15:22:07 by Netedit Version 0.28.0
This data file and the accompanying materials
are made available under the terms of the Eclipse Public License v2.0
which accompanies this distribution, and is available at
http://www.eclipse.org/legal/epl-v20.html
SPDX-License-Identifier: EPL-2.0
<configuration xmlns:xsi="http://www.w3.org/2001/XMLSchema-instance" xsi:noNamespaceSchemaLocation="http://sumo.dlr.de/xsd/netedit.exeConfiguration.xsd">

    <output>
        <output-file value="D:\workspace\Wildau%202016\VL1_CF\sumoUE\Compare%20Start%20Off\sumolympics.net.xml"/>
    </output>

    <processing>
        <no-turnarounds value="true"/>
        <offset.disable-normalization value="true"/>
    </processing>

</configuration>
-->

<net version="0.27" xmlns:xsi="http://www.w3.org/2001/XMLSchema-instance" xsi:noNamespaceSchemaLocation="http://sumo.dlr.de/xsd/net_file.xsd">

    <location netOffset="0.00,0.00" convBoundary="0.00,0.00,1000.00,0.00" origBoundary="10000000000.00,10000000000.00,-10000000000.00,-10000000000.00" projParameter="!"/>

    <edge id=":gneJ2_0" function="internal">
        <lane id=":gneJ2_0_0" index="0" allow="bus" speed="13.89" length="0.10" shape="900.00,-14.85 900.00,-14.85"/>
        <lane id=":gneJ2_0_1" index="1" allow="bicycle" speed="13.89" length="0.10" shape="900.00,-11.55 900.00,-11.55"/>
        <lane id=":gneJ2_0_2" index="2" allow="pedestrian" speed="13.89" length="0.10" shape="900.00,-8.25 900.00,-8.25"/>
        <lane id=":gneJ2_0_3" index="3" allow="passenger" speed="13.89" length="0.10" shape="900.00,-4.95 900.00,-4.95"/>
        <lane id=":gneJ2_0_4" index="4" allow="rail_urban" speed="13.89" length="0.10" shape="900.00,-1.65 900.00,-1.65"/>
    </edge>

    <edge id="beg" from="gneJ0" to="gneJ2" priority="1">
        <lane id="beg_0" index="0" allow="bus" speed="13.89" length="900.00" shape="0.00,-14.85 900.00,-14.85"/>
        <lane id="beg_1" index="1" allow="bicycle" speed="13.89" length="900.00" shape="0.00,-11.55 900.00,-11.55"/>
        <lane id="beg_2" index="2" allow="pedestrian" speed="13.89" length="900.00" shape="0.00,-8.25 900.00,-8.25"/>
        <lane id="beg_3" index="3" allow="passenger" speed="13.89" length="900.00" shape="0.00,-4.95 900.00,-4.95"/>
        <lane id="beg_4" index="4" allow="rail_urban" speed="13.89" length="900.00" shape="0.00,-1.65 900.00,-1.65"/>
    </edge>
    <edge id="end" from="gneJ2" to="gneJ1" priority="1">
        <lane id="end_0" index="0" allow="bus" speed="13.89" length="100.00" shape="900.00,-14.85 1000.00,-14.85"/>
        <lane id="end_1" index="1" allow="bicycle" speed="13.89" length="100.00" shape="900.00,-11.55 1000.00,-11.55"/>
        <lane id="end_2" index="2" allow="pedestrian" speed="13.89" length="100.00" shape="900.00,-8.25 1000.00,-8.25"/>
        <lane id="end_3" index="3" allow="passenger" speed="13.89" length="100.00" shape="900.00,-4.95 1000.00,-4.95"/>
        <lane id="end_4" index="4" allow="rail_urban" speed="13.89" length="100.00" shape="900.00,-1.65 1000.00,-1.65"/>
    </edge>

    <tlLogic id="gneJ2" type="static" programID="0" offset="0">
        <phase duration="100" state="rrrrr"/>
        <phase duration="1000" state="GGGGG"/>
    </tlLogic>

    <junction id="gneJ0" type="unregulated" x="0.00" y="0.00" incLanes="" intLanes="" shape="0.00,-0.05 0.00,-16.45"/>
    <junction id="gneJ1" type="unregulated" x="1000.00" y="0.00" incLanes="end_0 end_1 end_2 end_3 end_4" intLanes="" shape="1000.00,-16.45 1000.00,-0.05"/>
    <junction id="gneJ2" type="traffic_light" x="900.00" y="0.00" incLanes="beg_0 beg_1 beg_2 beg_3 beg_4" intLanes=":gneJ2_0_0 :gneJ2_0_1 :gneJ2_0_2 :gneJ2_0_3 :gneJ2_0_4" shape="900.00,-0.05 900.00,-16.45 900.00,-0.05">
        <request index="0" response="00000" foes="00000" cont="0"/>
        <request index="1" response="00000" foes="00000" cont="0"/>
        <request index="2" response="00000" foes="00000" cont="0"/>
        <request index="3" response="00000" foes="00000" cont="0"/>
        <request index="4" response="00000" foes="00000" cont="0"/>
    </junction>

    <connection from="beg" to="end" fromLane="0" toLane="0" via=":gneJ2_0_0" tl="gneJ2" linkIndex="0" dir="s" state="o"/>
    <connection from="beg" to="end" fromLane="1" toLane="1" via=":gneJ2_0_1" tl="gneJ2" linkIndex="1" dir="s" state="o"/>
    <connection from="beg" to="end" fromLane="2" toLane="2" via=":gneJ2_0_2" tl="gneJ2" linkIndex="2" dir="s" state="o"/>
    <connection from="beg" to="end" fromLane="3" toLane="3" via=":gneJ2_0_3" tl="gneJ2" linkIndex="3" dir="s" state="o"/>
    <connection from="beg" to="end" fromLane="4" toLane="4" via=":gneJ2_0_4" tl="gneJ2" linkIndex="4" dir="s" state="o"/>

    <connection from=":gneJ2_0" to="end" fromLane="0" toLane="0" dir="s" state="M"/>
    <connection from=":gneJ2_0" to="end" fromLane="1" toLane="1" dir="s" state="M"/>
    <connection from=":gneJ2_0" to="end" fromLane="2" toLane="2" dir="s" state="M"/>
    <connection from=":gneJ2_0" to="end" fromLane="3" toLane="3" dir="s" state="M"/>
    <connection from=":gneJ2_0" to="end" fromLane="4" toLane="4" dir="s" state="M"/>

</net>
